β_und,detection_time,death_rate,peak_infected,deaths
0.31864003578834355,4,0.04707324327661559,0.0004444444444444444,0.0
