β_und,detection_time,death_rate,peak_infected,death_fraction
0.33362599090079037,4,0.027838385607977287,0.0004444444444444444,0.0
